#Titel;Autor;Verlag;Erscheinungsjahr;ISBN
Beutegier;Jack Ketchum;Heyne;2009;3453675622
Wolfspfade;Lori Handeland;Lyx;2010;3802582624
Sterntagebücher (suhrkamp taschenbuch);Stanislaw Lem;Suhrkamp Verlag;2003;3518455346
Schatten über Ulldart. Ulldart - Die Dunkle Zeit 01;Markus Heitz;Piper;2009;3492285287
Harry Potter und der Gefangene von Askaban (Band 3);Joanne K. Rowling;Carlsen;1999;3551551693
Wir sind die Nacht;Wolfgang Hohlbein;Heyne;2010;3453266781
Tripods - Der Untergang der dreibeinigen Monster;John Christopher;Arena;2006;3401059181
Star Wars(TM) - Episode I: Die dunkle Bedrohung - Roman nach dem Drehbuch von Georg Lucas;Terry Brooks;Blanvalet;2005;3442363136
Star Wars(TM) Wächter der Macht 8: Enthüllungen;Karen Traviss;Blanvalet;2010;344226684X
Herrscher des Lichts;Brandon Sanderson;Heyne;2010;3453523385
Gefangene der Dunkelheit;Karen Marie Moning;Ullstein;2010;3548280846
Fatales Vermächtnis. Ulldart - Zeit des Neuen 03.;Markus Heitz;Piper;2007;3492266126
Götter der Nacht: Die Magier 3;Pierre Grimbert;Heyne;2008;3453524187
Die Schattenritter: Unsterbliches Verlangen;Kathryn Smith;Droemer Knaur;2009;3426502313
Adara und der Eisdrache;George R. R. Martin;cbj;2009;3570220451
Eine Hexe mit Geschmack: Mit doppelter Portion Menschenfleisch!;A. Lee Martinez;Piper;2009;349226655X
Artemis Fowl - Das Zeitparadox;Eoin Colfer;Ullstein;2010;3548281826
Schamanenslayer: Die Abenteuer von Gotrek und Felix 11;Nathan Long;Piper;2011;3492292003
Wolf Shadow 04. Finstere Begierde;Eileen Wilks;Lyx;2010;3802583191
Warhammer - Zeit der Legenden- Die Sigmar-Chroniken 1. Heldenhammer;Graham McNeill;Piper;2009;3492291961
Das Fjordland. Elfenritter 03.;Bernhard Hennen;Heyne;2008;3453523431
Wächter des Zwielichts;Sergej Lukianenko;Heyne;2006;3453531981
Süß wie Blut und teuflisch gut: Betsy Taylor Roman 2;Mary Janice Davidson;Lyx;2007;3802581245
Wahn;Stephen King;Heyne;2009;3453433432
Das Schwert der Wahrheit 4: Der Tempel der vier Winde;Terry Goodkind;Blanvalet;2008;344237104X
Das Leben, das Universum und der ganze Rest;Douglas Adams;Heyne;1999;3453146050
Das Auge des Golem. Bartimäus 02.;Jonathan Stroud;Blanvalet;2008;3442370035
Dunkler Rausch der Sinne;Christine Feehan;Bastei Lübbe;2010;3404187180
Gevatter Tod: Ein Roman von der bizarren Scheibenwelt;Terry Pratchett;Piper;2010;349228504X
Ewige Liebe: Black Dagger 3;J. R. Ward;Heyne;2007;3453523024
Nanny Oggs Kochbuch: Ein überraschend nützlicher Almanach mit erstaunlichen Rezepten aus Terry Pratchetts Scheibenwelt;Terry Pratchett;Goldmann;2005;3442460816
Todesmarsch;Stephen King;Ullstein;2006;3548263275
Dracula;Bram Stoker;Fischer;2008;3596901081
Bis(s) einer weint: Die große Stephenie-Meyer-Parodie: Eine Belle- und Edwarz-Roman;Frau Meier;Heyne;2010;3453527062
Das Herz der Sterne;Kate Forsyth;Blanvalet;2010;3442244528
Star Wars(TM) Wächter der Macht 4: Exil;Aaron Allston;Blanvalet;2009;3442266254
The Stand - Das letzte Gefecht: 2 Bde;Stephen King;Bastei Lübbe;2007;3404157443
Die Haarteppichknüpfer;Andreas Eschbach;Bastei Lübbe;2009;3404243374
Chronik der Unsterblichen 10: Göttersterben;Wolfgang Hohlbein;Vgs;2008;3802517938
Das Erbe der Magier: Die Krieger 1;Pierre Grimbert;Heyne;2009;3453525450
Immortal: In den Armen der Dunkelheit;Jennifer Ashley;Droemer Knaur;2010;3426506637
Fahrenheit 451;Ray Bradbury;Heyne;2000;3453164121
Puls;Stephen King;Heyne;2007;3453565096
Die unbekannte Macht: Der Armageddon Zyklus, Bd. 1;Peter F. Hamilton;Bastei Lübbe;2010;3404232216
Fluß aus blauem Feuer: Otherland 2;Tad Williams;Heyne;2006;3453532163
Die Verschollene Flotte: Black Jack;Jack Campbell;Bastei Lübbe;2010;3404233441
Evermore - Das Schattenland;Alyson Noël;Page & Turner;2010;3442203775
Stadt der Finsternis 04: Magisches Blut;Ilona Andrews;Lyx;2011;3802583426
Monster Island 3: Welt der Untoten;David Wellington;Piper;2010;3492266878
Sunset: Storys;Stephen King;Heyne;2010;3453434676
Untot in Dallas: Ein skurriler Vampir-Krimi aus den Südstaaten;Charlaine Harris;Feder & Schwert;2009;3867620563
Das Zeitalter der Fünf, Band 2. Magier;Trudi Canavan;Blanvalet;2008;3442244838
Stadt der Finsternis 01: Die Nacht der Magie;Ilona Andrews;Lyx;2009;3802582144
Im Bann des Wolfes: Söhne der Luna 01;Lara Wegner;Sieben Verlag;2010;3940235873
Eisige Umarmung;Nalini Singh;Lyx;2009;3802581997
Dead End Dating 4: Lebe lieber untot;Kimberly Raye;Lyx;2009;3802582551
Tarean, Bd. 2: Erbe der Kristalldrachen;Bernd Perplies;Lyx;2009;3802581849
Das Schwert von Avalon;Marion Zimmer Bradley;Diana Verlag;2010;3453291018
Die Phoenix-Chroniken 01. Asche;Lori Handeland;Lyx;2009;3802582349
Die Stadt und die Stadt;China Miéville;Bastei Lübbe;2010;3404243935
Ilium;Dan Simmons;Heyne;2007;3453523547
Der Fall Jane Eyre;Jasper Fforde;DTV;2007;3423210141
Drachenprinz. Die Feuerreiter Seiner Majestät 02.;Naomi Novik;Blanvalet;2007;3442244447
Silver Dragons 01. Ein brandheißes Date;Katie MacAlister;Lyx;2011;3802583906
Wolf Shadow 01: Verlockende Gefahr;Eileen Wilks;Lyx;2009;3802582152
Club der Verdammten 01: Seelenhüter: Erotischer Vampirroman;Kathy Felsing;Sieben Verlag;2010;3941547097
Krieg der Wächter;Simon R. Green;Bastei Lübbe;2010;3404206231
Corpus Delicti: Ein Prozess;Juli Zeh;btb Verlag;2010;3442740665
Das Spiel der Götter 13. Im Sturm des Verderbens;Steven Erikson;Blanvalet;2010;3442265576
Die Orks - Blutjagd: Die Orks-Trilogie 3;Stan Nicholls;Heyne;2011;3453527011
Star Wars(TM) Das Verhängnis der Jedi-Ritter 3: Abgrund;Troy Denning;Blanvalet;2010;3442266777
Schattenwandler 02. Gideon;Jacquelyn Frank;Lyx;2009;3802582373
HALO 02. Die Invasion;William C. Dietz;Panini;2004;3833210826
Der Fall des Imperiums;Walter Jon Williams;Heyne;2010;3453526457
Die Herren der Unterwelt 05: Schwarze Leidenschaft;Gena Showalter;Mira;2011;3899418921
Im Feuer der Nacht;Nalini Singh;Lyx;2009;3802582268
Der letzte Wunsch: Erster Band der Geralt-Saga;Andrzej Sapkowski;DTV;2007;3423209933
Dhampir 6: Götterjagd;Barb Hendee;Lyx;2010;3802582713
Die Schlacht der Trolle;Christoph Hardebusch;Heyne;2007;3453532708
Otherland 01. Stadt der goldenen Schatten;Tad Williams;Heyne;2005;3453530756
Dhampir 5: Schattenherz;Barb Hendee;Lyx;2010;3802582705
Der Orden der Schwerter. Ulldart - Die Dunkle Zeit 02.;Markus Heitz;Piper;2010;3492285295
Zeit der Jäger: Mercy Thompson 4;Patricia Briggs;Heyne;2010;3453525809
Shadowmarch 3: Die Dämmerung;Tad Williams;Klett-Cotta;2010;3608937196
Elfenkönigin;Bernhard Hennen;Heyne;2009;3453533402
Dragon Kiss;G. A. Aiken;Piper;2010;3492267637
Die letzte Wahrheit: Die Bücher der Wahrheiten Band 4;Dawn Cook;Blanvalet;2008;3442265797
Der Verrat der Königin: Die Krieger 2;Pierre Grimbert;Heyne;2009;3453525469
Fallen Angels - Die Ankunft;J. R. Ward;Heyne;2010;3453266641
Warhammer 40,000 - Mächte des Chaos;Dan Abnett;Heyne;2005;3453521048
Die Mächte des Feuers;Markus Heitz;Piper;2010;3492266541
Zwergenfluch;Frank Rehfeld;Blanvalet;2009;3442266041
Dragon Dream;G. A. Aiken;Piper;2010;3492267645
Sternenschatten;Sergej Lukianenko;Heyne;2009;3453525531
Wolfsfieber;Lori Handeland;Lyx;2009;3802582284
Wahre Helden: Roman: Ein Scheibenwelt-Roman;Terry Pratchett;Manhattan;2001;3442545315
Star Trek - The Next Generation 03: Quintessenz;Keith R. A. DeCandido;Cross Cult;2010;3941248634
Die dunkle Festung;Peter F. Hamilton;Bastei Lübbe;2010;3404233042
Blutrote Küsse;Jeaniene Frost;Blanvalet;2009;344226605X
Geliebte der Finsternis;Sherrilyn Kenyon;Blanvalet;2009;3442372291
Vampirträume -: Black Dagger 12;J. R. Ward;Heyne;2009;3453526376
Rincewind, der Zauberer: Die Farben der Magie / Das Licht der Phantasie / Der Zauberhut / Eric;Terry Pratchett;Piper;2010;3492285007
Mummenschanz / Hohle Köpfe: Zwei Scheibenwelt-Romane in einem Band;Terry Pratchett;Goldmann;2009;3442134471
Die Gefährtin. Die Tochter des Magiers 02;Torsten Fink;Blanvalet;2009;3442266327
Herbst: Beginn: BD 1;David Moody;Otherworld Verlag;2007;3950218572
Ghostwalker 03: Auf lautlosen Schwingen;Michelle Raven;Lyx;2010;3802583698
World of Warcraft: Arthas, Aufstieg des Lichkönigs;Christie Golden;Panini;2010;3833220503
Die Stadt der träumenden Bücher. Ein Roman aus Zamonien von Hildegunst von Mythenmetz;Walter Moers;Piper;2004;3492045499
Evermore - Die Unsterblichen;Alyson Noël;Page & Turner;2009;3442203600
Blutrot;Jack Ketchum;Heyne;2008;3453675568
Die Gärten des Mondes. Das Spiel der Götter 01;Steven Erikson;Blanvalet;2000;3442249325
Heiligtum 02. Der Weg in den Abgrund;Xavier Dorison;Splitter;2010;3868691499
Die Zwerge;Markus Heitz;Piper;2010;349226767X
Otherland 4: Meer des silbernen Lichts;Tad Williams;Heyne;2007;345353218X
VILM 02. Die Eingeborenen;Karsten Kruschel;Wurdack;2009;3938065540
Im Morgengrauen: Unheimliche Geschichten;Stephen King;Ullstein;2006;3548263763
Die 13 1/2 Leben des Käpt'n Blaubär;Walter Moers;Goldmann;2002;344245381X
Mein dunkler Prinz;Christine Feehan;Bastei Lübbe;2009;3404186648
Brennende Galaxis - Der Große Bruderkrieg 3: Warhammer-40,000-Roman;Ben Counter;Heyne;2009;3453526422
Das Blut des Dämons;Lynn Raven;Ueberreuter;2010;3800055392
Alphawolf: Ein erotischer Werwolfroman;Sandra Henke;Ubooks;2010;386608126X
Nur über meine Leiche: Betsy Taylor Roman 5;Mary Janice Davidson;Lyx;2008;3802581776
Gevatter Tod - Wachen! Wachen!: Zwei Scheibenwelt-Romane in einem Band. Doppelband;Terry Pratchett;Piper;2010;3492286259
Immortal: Gebieterin der Finsternis;Joy Nash;Droemer Knaur;2009;3426503921
Die Chronik der Unsterblichen 11: Glut und Asche;Wolfgang Hohlbein;Lyx;2009;3802582470
Der Kuss des Blutes;Alexandra Ivy;Diana Verlag;2010;3453354346
Alle Roboter-Geschichten;Isaac Asimov;Bastei Lübbe;2010;3404233174
Nach dem Sommer;Maggie Stiefvater;Script5;2010;3839001080
Warhammer - Das erste Imperium: Zeit der Legenden - Die Sigmar-Chroniken 02;Graham McNeill;Piper;2010;3492267289
Die Verschollene Flotte: Fluchtpunkt Ixion: Roman. Die Verschollene Flotte 3;Jack Campbell;Bastei Lübbe;2011;3404233514
Aldebaran 3: Kampf um die Ischtar-Festungen;Heinrich von Stahl;Unitall Verlag;2010;3937355707
Roter Fluch: Sabina Kane 2;Jaye Wells;Heyne;2010;3453407040
Tom Clancy's EndWar;David Michaels;Panini;2009;3833218185
Planetenwanderer;George R. R. Martin;Heyne;2013;3453314948
Schattenwandler 03. Elijah;Jacquelyn Frank;Lyx;2010;3802582381
Die Gruft. Der erste Bestseller mit Handyman Jack. Fantastischer Thriller;F. Paul Wilson;Festa Verlag;2006;3865520391
Geweihte des Todes;Lara Adrian;Lyx;2010;3802583833
Little Brother (Junge Erwachsene);Cory Doctorow;rororo;2010;3499215500
Magie der Sehnsucht;Sherrilyn Kenyon;Blanvalet;2007;3442366860
Ein Vampir kommt selten allein;Katie MacAlister;Lyx;2009;3802582276
Fremder in einer fremden Welt: Meisterwerke der Science Fiction;Robert A. Heinlein;Heyne;2009;3453525485
Dracula. Ein Vampirroman;Bram Stoker;Anaconda;2008;3866472935
Nachtjägerin;Jeaniene Frost;Penhaligon Verlag;2010;3764530677
Die Orks - Blutrache;Stan Nicholls;Heyne;2007;3453532015
Die Saga vom Dunkelelf 1: Der dritte Sohn: BD 1;R. A. Salvatore;Blanvalet;2007;3442245621
Krieg der Welten;H. G. Wells;Diogenes;2005;3257235372
Thor: Die Asgard-Saga. Roman;Wolfgang Hohlbein;Bastei Lübbe;2010;378572392X
World of Warcraft, Bd. 2: Der Aufstieg der Horde;Christie Golden;Panini;2007;3833215747
Blinder König: Black Dagger 14;J. R. Ward;Heyne;2010;345353350X
Kinder des Schattens. Das Spiel der Götter 08.;Steven Erikson;Blanvalet;2005;3442242983
Ich will dich nicht töten: Thriller;Dan Wells;Piper;2010;3492267815
Evernight 1;Claudia Gray;Blanvalet;2010;3442375789
Stadt der Finsternis 02: Die dunkle Flut;Ilona Andrews;Lyx;2009;3802582136
Wolfsjagd: Die dunklen Fälle des Harry Dresden;Jim Butcher;Droemer Knaur;2007;3426634414
Warcraft Bd.6. Krieg der Ahnen 3. Das Erwachen;Richard A. Knaak;Panini;2005;3833212020
Die Legende vom Dunkelelf: Der König der Geister;R. A. Salvatore;Blanvalet;2011;344226619X
Der große Basar;Peter V. Brett;Heyne;2010;3453527089
Schemen: Horror;Bentley Little;Bastei Lübbe;2010;3404164814
StarCraft: Dunkle Templer, Bd. 3: Zwielicht;Christie Golden;Panini;2009;3833217871
Alaskan Royals: Einfach königlich;Mary Janice Davidson;Lyx;2011;3802583140
Auf verlorenem Posten: Honor Harrington, Bd. 1;David Weber;Bastei Lübbe;2010;3404231945
Höllenschlund. Dante Valentine: Dämonenjägerin 05;Lilith Saintcrow;Lyx;2010;3802583051
Warcraft Bd.4. Krieg der Ahnen 1. Die Quelle der Ewigkeit;Richard A. Knaak;Panini;2005;3833210923
Mass Effect, Bd. 2: Der Aufstieg;Drew Karpyshyn;Panini;2008;3833217456
Das Geheimnis von Askir 05. Die Feuerinseln;Richard Schwartz;Piper;2009;3492266754
Das Flüstern der Nacht;Peter V. Brett;Heyne;2010;3453526112
Die Boten des Unheils: Die Commonwealth-Saga, Bd. 2;Peter F. Hamilton;Bastei Lübbe;2009;3404232933
Ensel und Krete: Ein Märchen aus Zamonien: Ein Märchen aus Zamonien von Hildegunst von Mythenmetz. Mit Erläuterungen aus dem Lexikon der ... Umgebung von Professor Dr. Abdul Nachtigaller;Walter Moers;Goldmann;2002;3442450179
Die Lautlose Bombe;Mark Brandis;Wurdack;2010;3938065591
Blutorks 1: Der Krieger;Bernd Frenz;Blanvalet;2009;3442266084
Die Radleys: Ein Vampirroman;Matt Haig;Kiepenheuer & Witsch;2010;3462042335
Star Wars: Darth Bane - Die Regel der Zwei;Drew Karpyshyn;Blanvalet;2008;3442265967
Schöne Scheine: Ein Scheibenwelt-Roman;Terry Pratchett;Goldmann;2009;3442468094
Küss mich, Werwolf;Christine Warren;Blanvalet;2011;3442375142
Sturm der Gefühle: Roman: Drake-Schwestern 07;Christine Feehan;Heyne;2010;3453406885
Star Wars (TM): Erben des Imperiums: Die Fortsetzung der Star-Wars-Saga;Timothy Zahn;Blanvalet;1999;3442352517
Die Zauberer. Das dunkle Feuer;Michael Peinkofer;Piper;2010;3492701736
Das Geheimnis von Askir 06. Der Kronrat;Richard Schwartz;Piper;2010;349226722X
Das Marsprojekt 04. Die steinernen Schatten;Andreas Eschbach;Arena;2007;3401060600
Monsterkontrolle: Die Schonzeit für Mutanten ist vorbei!;A. Lee Martinez;Piper;2010;3492267025
In einem anderen Buch;Jasper Fforde;DTV;2007;342321015X
Nimue Alban 6: Caylebs Plan;David Weber;Bastei Lübbe;2010;3404233492
Das Marsprojekt 05. Die schlafenden Hüter;Andreas Eschbach;Arena;2008;3401060619
Spiel der Dämmerung: Der Bund der Schattengänger 2 - Roman: Der Bund der Schattengänger 02;Christine Feehan;Heyne;2009;3453533100
Sturmwelten - Unter schwarzen Segeln;Christoph Hardebusch;Heyne;2009;3453523970
DSA Roman 123: Isenborn IV - Stahl;Bernard Craw;Fantasy Productions;2010;389064144X
Der Herr der Ringe: Die Gefährten / Die zwei Türme / Die Wiederkehr des Königs. 3 Bände.;John R. R. Tolkien;Klett-Cotta;2004;3608935444
Die Bedrohung;Vince Flynn;Heyne;2009;3453433688
Grim: Das Siegel des Feuers;Gesa Schwartz;Lyx;2010;3802583035
DSA4-Regionalbeschreibungen: Reich des Horas. Das liebliche Feld, die Zyklopeninseln und die angrenzenden Gebiete;Frank W. Bartels;Ulisses Spiele;2010;3940424641
Schwert der Wahrheit 11: Konfessor -;Terry Goodkind;Blanvalet;2009;3442373905
Die Wolke;Gudrun Pausewang;Ravensburger Buchverlag;2010;3473580147
Schattenfürst: Erotischer Vampir-Roman;Kim Landers;Plaisir D'amour Verlag;2009;393828160X
Berge des Wahnsinns: Eine Horrorgeschichte;H. P. Lovecraft;Suhrkamp Verlag;1997;3518392603
Alpha & Omega 2: Spiel der Wölfe;Patricia Briggs;Heyne;2010;3453526791
Die Legende von Sigurd und Gudrún;John R. R. Tolkien;Klett-Cotta;2010;3608937951
Mondspur. Black Dagger 05;J. R. Ward;Heyne;2008;3453565118
Jägerin der Dunkelheit: Der Bund der Schattengänger 1 - Roman: Der Bund der Schattengänger 01;Christine Feehan;Heyne;2009;3453533097
Das Amulett von Samarkand. Bartimäus 01;Jonathan Stroud;Blanvalet;2006;3442364027
Nocturne City 02. Blutfehde;Caitlin Kittredge;Lyx;2010;3802582942
Die letzte Generation;Arthur C. Clarke;Heyne;2003;3453875346
Evernight 2: Tochter der Dämmerung;Claudia Gray;Penhaligon Verlag;2010;3764530529
Die Letzten ihrer Art: Eine Reise zu den aussterbenden Tieren unserer Erde;Douglas Adams;Heyne;1992;3453061152
Engel der Nacht;Becca Fitzpatrick;Page & Turner;2010;3442203732
Der Turm der Raben;Kate Forsyth;Blanvalet;2009;3442244501
1984;George Orwell;Ullstein;2006;3548234100
Ghostwalker 02: Pfad der Träume;Michelle Raven;Lyx;2010;380258225X
Die Hyperion-Gesänge - Zwei Romane in einem Band: Hyperion / Der Sturz von Hyperion;Dan Simmons;Heyne;2002;3453215281
Die Bruderschaft der Black Dagger: Ein Führer durch die Welt von J.R. Ward's BLACK DAGGER;J. R. Ward;Heyne;2009;3453526384
Das Auge des Golem. Bartimäus 02.;Jonathan Stroud;Blanvalet;2007;3442366429
Frankenstein;Mary Shelley;Anaconda;2009;3866473761
Spektrum;Sergej Lukianenko;Heyne;2009;3453722701
Momo: oder Die seltsame Geschichte von den Zeit-Dieben und von dem Kind, das den Menschen die gestohlene Zeit zurückbrachte;Michael Ende;Piper;2010;3492253490
Dragon Love 01: Feuer und Flamme für diesen Mann;Katie MacAlister;Lyx;2009;3802581490
Dunkles Spiel der Leidenschaft;Christine Feehan;Bastei Lübbe;2009;3404187318
Zauber der Wellen: Roman: Drake-Schwestern 03;Christine Feehan;Heyne;2006;3453532597
Kryson: Das verlorene Volk;Bernd Rümmelein;Otherworld Verlag;2010;3800095262
Die Sternseherin;Jeanine Krock;Lyx;2010;3802582306
Die Chronik der Unsterblichen 6: Die Blutgräfin;Wolfgang Hohlbein;Ullstein;2005;3548261566
Kriegsengel;Margaret Weis;Blanvalet;2010;3442265959
Collector;Markus Heitz;Heyne;2010;3453526503
M.J. Holliday: Geisterjägerin 01: Rendezvous um Mitternacht;Victoria Laurie;Lyx;2010;3802582802
Herbst 02: Stadt: BD 2;David Moody;Otherworld Verlag;2008;3902607106
Katakomben & Kavernen -  Dungeonband;Tobias Hamelmann;Ulisses Spiele;2010;3940424404
Blutspiel;Kim Harrison;Heyne;2007;3453433041
Der Vampir, der mich liebte;Charlaine Harris;DTV;2007;3423209828
Die Magie des Herrschers. Ulldart - Die Dunkle Zeit 05.;Markus Heitz;Piper;2007;3492285325
Die Quellen des Bösen. Ulldart - Die Dunkle Zeit 06.;Markus Heitz;Piper;2007;3492285465
Der Herr der Finsternis;Sergej Lukianenko;Heyne;2010;3453527119
Gefährtin der Dämmerung;Jeaniene Frost;Blanvalet;2010;3442373816
Das Gesetz der Orks;Michael Peinkofer;Piper;2008;3492750109
Nachtjagd: Black Dagger 1;J. R. Ward;Heyne;2007;3453532716
Das Schwert der Wahrheit 3: Die Günstlinge der Unterwelt;Terry Goodkind;Blanvalet;2008;344236969X
Das Jahr des Greifen: 3 Romane in 1 Band: Der Sturm/Die Entdeckung/Die A: Der Sturm / Die Entdeckung / Die Amazone;Wolfgang Hohlbein;Bastei Lübbe;2010;3404146123
Der Krieg der Zwerge;Markus Heitz;Piper;2010;3492267688
Jäger der Nacht;Nalini Singh;Lyx;2008;3802581628
Codex Alera 2: Im Schatten des Fürsten;Jim Butcher;Blanvalet;2010;3442265843
Königin der Seelen;C.L. Wilson;Bastei Lübbe;2011;3404187601
Vampir im Schottenrock;Katie MacAlister;Lyx;2008;3802581768
Vampire sind zum Küssen da;Katie MacAlister;Lyx;2009;3802582098
2034 Der Abschied vom Abendland;Max Eichenhain;Verlag Max Eichenhain;2009;3000233679
Der Rote Löwe;Maria Szepes;Piper;2008;3492285430
Das Reich der Sieben Städte. Das Spiel der Götter 02.;Steven Erikson;Blanvalet;2001;3442249414
DSA Roman 121: Erz - Isenborn II;Bernard Craw;Fantasy Productions;2010;3890641423
Ehre unter Feinden: Honor Harrington, Bd. 6;David Weber;Bastei Lübbe;2009;3404232232
S.T.A.L.K.E.R. - Shadow of Chernobyl, Band 7: Im Kreuzfeuer. Videogameroman;Wasilij Orechow;Panini;2010;3833220562
Schattenschwert;Jon Sprunk;Heyne;2010;3453527216
Reise zum Mittelpunkt der Erde: Roman: Roman / Mit sämtlichen Illustrationene der französischen Originalausgabe;Jules Verne;DTV;2010;3423138823
Star Trek - Deep Space Nine: Offenbarung (Buch 1);S. D. Perry;Cross Cult;2009;3941248510
Dark Swan 01. Sturmtochter;Richelle Mead;Lyx;2010;380258211X
Der Gejagte. Die Chronik der Unsterblichen 07.;Wolfgang Hohlbein;Ullstein;2006;3548263925
Verführer der Nacht;Christine Feehan;Bastei Lübbe;2009;3404187407
Die Saga vom Dunkelelf 3: Der Wächter im Dunkel: BD 3;R. A. Salvatore;Blanvalet;1992;3442245656
Das Schwert der Wahrheit 9: Die Magie der Erinnerung;Terry Goodkind;Blanvalet;2009;3442372909
Sternendämmerung;Walter Jon Williams;Heyne;2010;3453526570
Herrscher. Königin der Orks 03.;Morgan Howell;Heyne;2008;3453523482
Die Götter - Ruf der Krieger: Die Götter 1;Pierre Grimbert;Heyne;2011;3453527682
Picknick am Wegesrand: Utopische Erzählung (suhrkamp taschenbuch);Arkadi Strugatzki;Suhrkamp Verlag;1981;3518371703
Schwestern des Mondes 6: Vampirliebe;Yasmine Galenorn;Droemer Knaur;2010;342650345X
Die eisige Zeit. Das Spiel der Götter 04.;Steven Erikson;Blanvalet;2003;344224997X
Gezeiten der Nacht. Das Spiel der Götter 09.;Steven Erikson;Blanvalet;2007;344224403X
Dead End Dating 1: Suche bissigen Vampir fürs Leben;Kimberly Raye;Lyx;2009;3802581687
Star Wars(TM) Wächter der Macht 3: Sturmfront;Troy Denning;Blanvalet;2009;3442266246
American Gods;Neil Gaiman;Heyne;2005;3453400372
Vampire schlafen fest;Charlaine Harris;DTV;2008;3423210680
Mass Effect, Band 1: Erlösung;Mac Walters;Panini;2010;3862010112
Das Buch der verlorenen Dinge;John Connolly;List;2009;3548609228
Nachrichten aus Mittelerde;John R. R. Tolkien;Klett-Cotta;2005;3608932461
Sumerki - Dämmerung;Dmitry Glukhovsky;Heyne;2010;345353302X
Die volle Wahrheit: Ein Scheibenwelt-Roman: Ein Roman von der bizarren Scheibenwelt;Terry Pratchett;Goldmann;2003;3442454069
Vampire Academy 1: Blutsschwestern;Richelle Mead;Lyx;2009;3802582012
Elfenwinter;Bernhard Hennen;Heyne;2005;3453521374
Darkyn 3: Dunkle Erinnerung;Lynn Viehl;Lyx;2011;3802582675
Menschenkind: Black Dagger 7;J. R. Ward;Heyne;2008;3453532821
Es;Stephen King;Ullstein;2009;3548281273
Pyramiden: Ein Roman von der bizarren Scheibenwelt;Terry Pratchett;Piper;2009;3492285066
Mr. Monster: Thriller;Dan Wells;Piper;2010;3492267262
Das Schwert der Wahrheit 1: Das erste Gesetz der Magie;Terry Goodkind;Blanvalet;2008;3442369673
Der Herr der Ringe. Ausgabe in neuer Übersetzung und Rechtschreibung: Der Herr der Ringe, Bd.1: Die Gefährten;John R. R. Tolkien;Klett-Cotta;2001;360893541X
Ignaz oder Die Verschwörung der Idioten;John Kennedy Toole;DTV;2006;3423209062
Die Ordensburg. Elfenritter 01.;Bernhard Hennen;Heyne;2007;3453523334
Schatten der Versuchung;Christine Feehan;Bastei Lübbe;2010;3404187458
Der Spiegel von Feuer und Eis;Lynn Raven;cbt;2011;3570307786
Die Chronik der Unsterblichen 8: Die Verfluchten;Wolfgang Hohlbein;Ullstein;2007;3548264239
Die Schattenritter: Salon der Lüste;Kathryn Smith;Droemer Knaur;2009;3426505282
Die Schattenkämpferin - Der Fluch der Assassinen;Licia Troisi;Heyne;2009;3453265653
Die Magier. Gefährten des Lichts;Pierre Grimbert;Heyne;2008;3453524195
Vampirherz: Black Dagger 8;J. R. Ward;Heyne;2008;3453532929
Die letzte Galaxis;Walter Jon Williams;Heyne;2010;3453526562
Im Herzen der Nacht;Sherrilyn Kenyon;Blanvalet;2008;3442366887
Die Feuerkämpferin - Im Bann der Wächter;Licia Troisi;Heyne;2010;345326617X
Die Drachenkämpferin - Im Land des Windes;Licia Troisi;Heyne;2008;3453532694
Sturm der Seelen;Michael McBride;Blanvalet;2010;3442266122
Star Trek - The Next Generation 04: Heldentod;Peter David;Cross Cult;2010;3941248642
Evermore - Das dunkle Feuer;Alyson Noël;Page & Turner;2010;3442203783
Halo 05. Erstkontakt;Joseph Staten;Panini;2008;383321645X
Gesandte des Zwielichts;Lara Adrian;Lyx;2009;3802581865
Das TAO des Hamsters;Heike Hoyer;Schirner;2010;3897679221
Ball der Vampire;Charlaine Harris;DTV;2007;3423209879
Sturm der Schatten;David Weber;Bastei Lübbe;2010;3404233468
Die Farben der Magie: Ein Roman von der bizarren Scheibenwelt;Terry Pratchett;Piper;2010;3492285104
Der Blutkristall;Jeanine Krock;Ubooks;2009;3866081154
Vampirgeflüster;Charlaine Harris;DTV;2010;3423212225
Die Foundation-Trilogie: Drei Romane in einem Band: Drei Romane: Foundation / Foundation und Imperium / Zweite Foundation;Isaac Asimov;Heyne;2000;3453164172
Star Wars(TM) Das Verhängnis der Jedi-Ritter 5: Die Verbündeten;Christie Golden;Blanvalet;2011;3442266793
Die Meisterin. Die Gilde der Schwarzen Magier 03;Trudi Canavan;Blanvalet;2007;3442243963
Harry Potter und die Kammer des Schreckens (Band 2);Joanne K. Rowling;Carlsen;2006;3551354022
Die Neuromancer-Trilogie;William Gibson;Heyne;2009;3453526155
Kriegsklingen. First Law 01.;Joe Abercrombie;Heyne;2007;3453532511
Starcraft: Dunkle Templer, Bd. 2: Schattenjäger;Christie Golden;Panini;2008;3833217448
Der Schrecksenmeister: Ein kulinarisches Märchen aus Zamonien von Gofid Letterkerl. Neu erzählt von Hildegunst von Mythenmetz;Walter Moers;Piper;2009;3492253776
Die verlorene Wahrheit: Die Bücher der Wahrheiten Band 3;Dawn Cook;Blanvalet;2008;3442265789
Dante Valentine: Dämonenjägerin 03: Feuertaufe;Lilith Saintcrow;Lyx;2009;3802581962
Feuerklingen. First Law 02.;Joe Abercrombie;Heyne;2007;3453532538
Und übrigens noch was ...: Douglas Adams' : Per Anhalter durch die Galaxis. Teil 6 der Trilogie;Eoin Colfer;Heyne;2009;3453266404
Heiligtum 01. USS Nebraska;Xavier Dorison;Splitter;2010;3868691480
Dragon Love 04. Höllische Hochzeitsglocken;Katie MacAlister;Lyx;2010;3802583213
Das Marsprojekt: Die blauen Türme;Andreas Eschbach;Bastei Lübbe;2010;3404243897
World of Warcraft, Bd. 5: Die Nacht des Drachen;Richard A. Knaak;Panini;2009;3833217928
Schattenläufer: 3 Shadowrun-Romane in einem Band;Markus Heitz;Heyne;2006;345352232X
Vampirsohn: Novelle;J. R. Ward;Heyne;2011;3453527895
Maurice, der Kater: Ein Märchen von der Scheibenwelt;Terry Pratchett;Goldmann;2005;3442455138
Star Trek - Destiny 1: Götter der Nacht;David Mack;Cross Cult;2010;3941248839
Blutmagie: Novelle;Kim Harrison;Heyne;2011;3453527879
Wachen! Wachen!: Ein Roman von der bizarren Scheibenwelt;Terry Pratchett;Piper;2009;3492285074
Night Angel 02. Am Rande der Schatten;Brent Weeks;Blanvalet;2010;3442266297
Renegat: Der Sohn des Sehers: Der Sohn des Sehers Trilogie, Band 3;Torsten Fink;Blanvalet;2010;3442266939
Mondspiel: Novelle: Magische Novelle;Christine Feehan;Heyne;2011;3453527909
Der futurologische Kongreß: Aus Ijon Tichys Erinnerungen (suhrkamp taschenbuch);Stanislaw Lem;Suhrkamp Verlag;1979;3518370340
Die Schattenkämpferin - Das Siegel des Todes;Licia Troisi;Heyne;2010;3453533429
Gilde der Jäger 2: Engelszorn;Nalini Singh;Lyx;2010;3802582756
Unter Wasser liebt sich's besser: Mermaid-Serie 3;Mary Janice Davidson;Lyx;2010;3802582535
Star Wars(TM) Wächter der Macht 1: Intrigen;Aaron Allston;Blanvalet;2008;3442266033
Wilson Cole: Die Söldner;Mike Resnick;Bastei Lübbe;2010;3404233379
Das Schwert der Wahrheit 8: Das Reich des dunklen Herrschers;Terry Goodkind;Blanvalet;2009;3442372895
Die Ehre der Am'churi;Sandra Gernt;Dead Soft Verlag;2009;3934442501
Feld der Toten: Warhammer-40,000-Roman;Graham McNeill;Heyne;2010;345352781X
Jenseits der Schatten;Brent Weeks;Blanvalet;2010;3442266300
Schwestern des Mondes 4: Hexenküsse;Yasmine Galenorn;Droemer Knaur;2009;3426503433
DSA Roman 122: Eisen - Isenborn III;Bernard Craw;Fantasy Productions;2010;3890641431
Die linke Hand Gottes.;Paul Hoffman;Goldmann;2010;3442312329
Die Chronik der Unsterblichen 2: Der Vampyr;Wolfgang Hohlbein;Ullstein;2001;3548252613
Die Macht des Lichts: Das Rad der Zeit 33;Robert Jordan;Piper;2010;3492286321
Assassins Creed, Renaissance: Videogameroman;Oliver Bowden;Panini;2010;3833220449
Bruderkrieg. Black Dagger 04;J. R. Ward;Heyne;2007;345356510X
Die finstere Macht der Tairen Soul;C.L. Wilson;Bastei Lübbe;2010;3404187520
Heiße Hüpfer: Ein Scheibenwelt-Roman;Terry Pratchett;Goldmann;2004;344244232X
Der Triumph der Zwerge;Markus Heitz;Piper;2015;3492703518
The Darkwing Chronicles 3: Rendezvous mit Biss - Vampire haben's auch nicht leicht;Savannah Russe;Droemer Knaur;2010;342650717X
Gefangener der Sinne;Nalini Singh;Lyx;2010;3802582721
Star Trek - The Next Generation 1- Tod im Winter;Michael Jan Friedman;Cross Cult;2009;3941248618
Dunkle Macht des Herzens;Christine Feehan;Bastei Lübbe;2010;340418727X
Der Name des Windes: Die Königsmörder-Chronik. Erster Tag;Patrick Rothfuss;Klett-Cotta;2010;3608938788
Mit Schimpf und Schande: Honor Harrington, Bd. 4;David Weber;Bastei Lübbe;2010;3404232119
Seelenjäger: Black Dagger 9;J. R. Ward;Heyne;2009;3453532910
Die Feuerreiter Seiner Majestät 01: Drachenbrut: BD 1;Naomi Novik;Blanvalet;2007;3442244439
Die Tochter der Königin;Dawn Cook;Blanvalet;2009;3442266580
Im Bann der Nacht;Alexandra Ivy;Diana Verlag;2010;3453354915
Schattenjäger: Shadowrun-Romane;Markus Heitz;Heyne;2006;3453522079
Warcraft Bd.5. Krieg der Ahnen 2. Die Dämonenseele;Richard A. Knaak;Panini;2005;3833212055
Riley - Das Mädchen im Licht -;Alyson Noël;Page & Turner;2011;344220383X
Die Braut des Satyrs;Elizabeth Amber;Droemer Knaur;2010;3426506971
Die Jagd beginnt. Das Rad der Zeit 2. Das Original: Die Jagd beginnt;Robert Jordan;Piper;2009;3492700829
Star Wars(TM) Das Verhängnis der Jedi-Ritter 4: Rückschlag;Aaron Allston;Blanvalet;2010;3442266785
Eragon: Die Weisheit des Feuers;Christopher Paolini;Blanvalet;2010;3442374596
Die Saga vom Dunkelelf 4: Im Zeichen des Panthers: BD 4;R. A. Salvatore;Blanvalet;1992;3442245664
Wächter des Tages;Sergej Lukianenko;Heyne;2006;3453532007
Rumo und Die Wunder im Dunkeln. Ein Roman in zwei Büchern;Walter Moers;Piper;2004;3492241778
Der Venuspakt;Jeanine Krock;Lyx;2009;3802582292
Die Leopardenmenschen-Saga 2: Magisches Feuer;Christine Feehan;Heyne;2010;3453266668
Die Chronik der Unsterblichen: Blutkrieg - Erzählungen;Wolfgang Hohlbein;Ullstein;2009;3548269060
Drachenglanz. Die Feuerreiter Seiner Majestät 04;Naomi Novik;Blanvalet;2008;344226572X
Unsterblich wie die Nacht;Mina Hepsen;Goldmann;2008;3442469171
Der eiserne Skorpion: SF-Thriller;Neal Asher;Bastei Lübbe;2010;340423345X
Sturmwelten. Jenseits der Drachenküste;Christoph Hardebusch;Heyne;2010;3453523989
Codex Alera 4: Der Protektor von Calderon;Jim Butcher;Blanvalet;2011;344226779X
1984 (Neunzehnhundertvierundachtzig). Roman.;George Orwell;Ullstein;2007;3548225624
The Elder Scrolls: Die Höllenstadt;Greg Keyes;Panini;2010;3833221313
Unsterblich wie die Liebe;Mina Hepsen;Goldmann;2010;3442473233
Warcraft Bd.2. Der Lord der Clans;Christie Golden;Panini;2005;383321337X
Der ewige Krieg;Joe Haldeman;Heyne;2000;3453164148
Immortality Bites 5: Verliebt, verlobt, verbissen;Michelle Rowen;Blanvalet;2010;3442376289
HALO 01. Die Schlacht um Reach;Eric Nylund;Panini;2005;3833213450
House of Night 1: Gezeichnet;P.C. Cast;Fischer;2009;3596860032
Die Suche nach dem Auge der Welt. Das Rad der Zeit 1. Das Original;Robert Jordan;Piper;2004;3492700810
Blutlied: Die Rachel-Morgan-Serie 5 - Roman: Roman / Mit Bonusmaterial: Die Brücken von Eden Park;Kim Harrison;Heyne;2009;3453524721
Sonea - Die Hüterin;Trudi Canavan;Penhaligon Verlag;2010;3764530413
Ruf des Mondes;Patricia Briggs;Heyne;2007;3453523733
Vorsicht, frisch verliebt!;Susan Elizabeth Phillips;Blanvalet;2009;3442358299
Artemis Fowl - Die Akte;Eoin Colfer;List;2008;3548607802
Wolfsglut;Lori Handeland;Lyx;2009;3802582071
Ein Vampir für alle Fälle;Charlaine Harris;DTV;2009;3423211482
Star Wars(TM) Wächter der Macht 2: Blutlinien;Karen Traviss;Blanvalet;2009;3442266076
Die Legenden der Albae: Gerechter Zorn;Markus Heitz;Piper;2009;349270154X
Die Leopardenmenschen-Saga 3: Wildes Begehren;Christine Feehan;Heyne;2010;3453266897
Kleine freie Männer: Ein Märchen von der Scheibenwelt;Terry Pratchett;Goldmann;2006;3442463092
Die Saat des goldenen Löwen. Das Lied von Eis und Feuer 04;George R. R. Martin;Blanvalet;2000;3442249341
Friedhof der Kuscheltiere. Roman;Stephen King;Ullstein;2005;3548263100
Nimue Alban: Die Invasion: Roman. Nimue Alban 5;David Weber;Bastei Lübbe;2010;3404233484
Der letzte Tag der Schöpfung: Roman - Mit einem Vorwort von Frank Schätzing - (Meisterwerke der Science Fiction);Wolfgang Jeschke;Heyne;2005;3453521218
Der Unbesiegbare: Utopischer Roman (suhrkamp taschenbuch);Stanislaw Lem;Suhrkamp Verlag;1995;3518389599
Das Geheimnis der Großen Schwerter 01. Der Drachenbeinthron;Tad Williams;Klett-Cotta;2010;3608938664
Der Herr der Puppen. Das Geheimnis von Askir 04.;Richard Schwartz;Piper;2008;3492266665
Kaiserfront 1949 Band 1: Die schwarze Macht;Heinrich von Stahl;Unitall Verlag;2010;390593700X
Schattenwandler 01. Jacob;Jacquelyn Frank;Lyx;2009;3802582365
Erdsee. 4 Romane in einem Band;Ursula K. LeGuin;Piper;2010;3492285236
Fool on the Hill;Matt Ruff;DTV;2004;3423207493
Die Saga vom Dunkelelf 2: Im Reich der Spinne: BD 2;R. A. Salvatore;Blanvalet;1992;3442245648
Der aufziehende Sturm: Das Rad der Zeit 32;Robert Jordan;Piper;2010;3492286313
Die Zeitmaschine;H. G. Wells;DTV;1996;342312234X
Das Marsprojekt 3: Die gläsernen Höhlen;Andreas Eschbach;Bastei Lübbe;2010;3404243919
Das Gesetz der Neun;Terry Goodkind;Blanvalet;2011;3442376467
Die Legende vom Dunkelelf: Der Piratenkönig;R. A. Salvatore;Blanvalet;2009;3442266181
Die Dame vom See;Andrzej Sapkowski;DTV;2011;3423248173
Morgenrot;Tanja Heitmann;Heyne;2009;3453532805
Das Restaurant am Ende des Universums;Douglas Adams;Heyne;1998;3453146980
Star Wars: The Old Republic: Eine unheilvolle Allianz;Sean Williams;Panini;2010;3833220368
Magierdämmerung, Bd. 1: Für die Krone;Bernd Perplies;Lyx;2010;3802582640
Ich bin kein Serienkiller (Rough Cut);Dan Wells;Piper;2010;3492701698
Vampire Academy 3: Schattenträume;Richelle Mead;Lyx;2009;3802582039
Im Schatten dunkler Mächte;Karen Marie Moning;Ullstein;2010;3548280838
Harry Potter und die Heiligtümer des Todes (Band 7);Joanne K. Rowling;Carlsen;2007;3551577773
Die Zauberer;Michael Peinkofer;Piper;2010;349270171X
Der Wüstenplanet;Frank Herbert;Heyne;2001;3453186834
Stadt der Finsternis 03: Duell der Schatten;Ilona Andrews;Lyx;2010;3802582195
Cthulhu: Geistergeschichten (suhrkamp taschenbuch);H. P. Lovecraft;Suhrkamp Verlag;1972;3518365290
Sternenspiel;Sergej Lukianenko;Heyne;2009;345352411X
Das Buch der Zukunft;Andreas Eschbach;rororo;2007;3499623579
Der fünfte Krieger;Matthew Reilly;List;2010;3471300112
Die letzte Kolonie;John Scalzi;Heyne;2008;345352442X
Wolfsbann;Lori Handeland;Lyx;2010;3802582616
Wer länger lebt, ist später tot: Operation Zombie;Max Brooks;Goldmann;2007;3442465397
Eternal 1: Die Vampire von Clare Point;V. K. Forrest;Droemer Knaur;2009;3426501732
Königsklingen. First Law 03.;Joe Abercrombie;Heyne;2008;345353252X
Codex Alera 3: Die Verschwörer von Kalare;Jim Butcher;Blanvalet;2010;3442265851
Zwergenbann;Frank Rehfeld;Blanvalet;2009;3442266157
Biss der Tod euch scheidet: Betsy Taylor Roman 6;Mary Janice Davidson;Lyx;2008;3802581784
Blutnacht: Die Rachel-Morgan-Serie 6;Kim Harrison;Heyne;2009;3453526163
Das Grab;Richard Laymon;Heyne;2010;345367555X
tot.: Der dunkle Turm;Stephen King;Heyne;2003;3453875583
Die Dunkelelfen;R. A. Salvatore;Blanvalet;2010;3442267544
Kleine Helden - großer Mut: Geschichten, die stark machen;Angelika Bartram;rororo;2006;3499213389
M.J. Holliday: Geisterjägerin 02. Gespenster küsst man nicht;Victoria Laurie;Lyx;2010;3802582799
Die Erwählte. Die Tochter des Magiers 03;Torsten Fink;Blanvalet;2009;3442266335
Die Trolle;Christoph Hardebusch;Heyne;2006;3453532376
Dunkle Sehnsucht des Verlangens;Christine Feehan;Bastei Lübbe;2010;3404187008
Krieger des Lichts 02. Ungezähmte Begierde;Pamela Palmer;Lyx;2010;3802583116
Die Seelenzauberin;Celia Friedman;Piper;2010;3492267823
Star Wars(TM) Das Verhängnis der Jedi-Ritter: Der Ausgestoßene;Aaron Allston;Blanvalet;2010;3442266602
S.T.A.L.K.E.R.   Shadow of Chernobyl 08: Bis zum bitteren Ende: Bd 8;Aleksej Kalugin;Panini;2010;3833220570
Ein Hauch von Schnee und Asche;Diana Gabaldon;Blanvalet;2007;344236731X
Sturmklänge;Brandon Sanderson;Heyne;2010;3453527135
Star Wars - Republic Commando: Feindkontakt, Bd 01;Karen Traviss;Panini;2005;3833211997
World of Warcraft, Bd. 3: Im Strom der Dunkelheit;Aaron Rosenberg;Panini;2008;3833216409
HALO 04. Geister von Onyx;Eric Nylund;Panini;2007;3833214589
Schattenwandler 04. Damien;Jacquelyn Frank;Lyx;2010;3802583299
Vegas Vampires 1: Beim nächsten Biss wird alles anders;Erin McCarthy;Blanvalet;2009;3442373808
Riley Jenson Guardian 2: Wächterin des Mondes;Keri Arthur;Blanvalet;2010;3442375258
Der Untergang. Die Chronik der Unsterblichen 04.;Wolfgang Hohlbein;Ullstein;2003;354825554X
Halo Evolutionen: Geschichten aus dem Halo-Universum;Karen Traviss;Panini;2010;3833221259
Magie;Trudi Canavan;Penhaligon Verlag;2009;3764530375
Elfenlied;Bernhard Hennen;Heyne;2009;3453524225
Der Kuss der Katze;Marjorie M. Liu;Blanvalet;2010;3442375312
Vampir sein ist alles;Tate Hallaway;Lyx;2010;3802582861
Die Feuerkämpferin - Tochter des Blutes;Licia Troisi;Heyne;2011;345326620X
Blutpakt: Die Rachel-Morgan-Serie 4;Kim Harrison;Heyne;2008;3453532902
Ein Hut voller Sterne: Ein Märchen von der Scheibenwelt;Terry Pratchett;Goldmann;2007;3442465427
Fieber: Horror;Bentley Little;Bastei Lübbe;2009;3404163257
Die Herren der Unterwelt 01. Schwarze Nacht;Gena Showalter;Mira;2009;3899416414
Die Rebellin. Die Gilde der Schwarzen Magier 01.;Trudi Canavan;Blanvalet;2006;3442243947
Blutlinien: Black Dagger 11;J. R. Ward;Heyne;2009;3453533062
Drachenwacht;Naomi Novik;Penhaligon Verlag;2009;3764530154
Blutorks 2: Der Sklave;Bernd Frenz;Blanvalet;2010;3442266092
Principia;Neal Stephenson;Goldmann;2010;3442542847
Böse: Horror;Bentley Little;Bastei Lübbe;2009;3404159861
Elfenlicht.;Bernhard Hennen;Heyne;2006;3453522184
Kalix  Fluch der Werwölfe;Martin Millar;Fischer;2010;3841421024
Replay - Das zweite Spiel: Roman - Mit einem Vorwort von Terry Bisson;Ken Grimwood;Heyne;2005;3453520106
Magisches Spiel: Der Bund der Schattengänger 7 - Roman: Der Bund der Schattengänger 07;Christine Feehan;Heyne;2011;3453527623
Mürrische Monster;Royce Buckingham;Penhaligon Verlag;2009;3764530235
Die Schattenkämpferin - Das Erbe der Drachen;Licia Troisi;Heyne;2010;3453533046
Die Zeit der Verachtung;Andrzej Sapkowski;DTV;2009;3423247266
Codex Alera 1: Die Elementare von Calderon;Jim Butcher;Blanvalet;2009;3442265835
Das Zeichen des Dunklen Gottes. Ulldart - Die Dunkle Zeit 03.;Markus Heitz;Piper;2010;3492285309
Wolfskuss;Lori Handeland;Lyx;2008;3802581539
Ein schneller Sieg: Honor Harrington, Bd. 3;David Weber;Bastei Lübbe;2010;3404232054
Star Trek - Deep Space Nine 8.04: Dämonen der Luft und Finsternis;Keith R. A. DeCandido;Cross Cult;2010;3941248545
Gefallene Engel - Der Große Bruderkrieg 6: Warhammer 40.000-Roman;Mitchel Scanlon;Heyne;2010;345352683X
Darkyn 1: Versuchung des Zwielichts;Lynn Viehl;Lyx;2010;3802582691
Die Diebin. Die Tochter des Magiers 01.;Torsten Fink;Blanvalet;2009;3442266319
Glas: Der dunkle Turm;Stephen King;Heyne;2003;3453875591
Irgendwo ganz anders;Jasper Fforde;DTV;2009;3423247584
Dying to Live: Vom Überleben unter Zombies;Kim Paffenroth;Festa Verlag;2010;386552091X
Der Nachtmagier;Robin Hobb;Heyne;2010;3453525213
Bluteid: Die Rachel-Morgan-Serie 8;Kim Harrison;Heyne;2010;345352750X
Rot wie die Liebe;Nora Roberts;Blanvalet;2008;3442365341
Die Tribute von Panem. Flammender Zorn;Suzanne Collins;Oetinger;2011;3789132209
Warcraft Bd.1. Der Tag des Drachen;Richard A. Knaak;Panini;2005;3833212667
Die vergessenen Welten  01: Der gesprungene Kristall: BD 1;R. A. Salvatore;Blanvalet;1991;3442245494
Die Zauberer. Die Erste Schlacht;Michael Peinkofer;Piper;2010;3492701728
Im Namen der Engel: Die überirdischen Fälle der Bree Winston 01;Mary Stanton;Piper;2010;3492267238
Das Silmarillion;John R. R. Tolkien;Klett-Cotta;2007;360893524X
Der Fürst der Nacht;Christine Feehan;Bastei Lübbe;2010;3404186893
Geliebte des Sturms;Sydney Croft;Heyne;2010;345352778X
Delphi sehen und sterben: Ein neuer Fall für Marcus Didius Falco;Lindsey Davis;Droemer Knaur;2010;3426502607
Star Wars: The Force Unleashed 2: Roman zum Game;Sean Williams;Panini;2010;3833221291
Aldebaran 2: Gestrandet auf Terra;Heinrich von Stahl;Unitall Verlag;2010;3937355693
Schwarz. Der Dunkle Turm 01.;Stephen King;Heyne;2003;3453875567
Susannah - Der Dunkle Turm;Stephen King;Heyne;2005;3453431030
Immortal: Schatten der Lust;Jennifer Ashley;Droemer Knaur;2009;3426502135
Die Kinder des Nebels;Brandon Sanderson;Heyne;2009;3453523369
Star Wars - Darth Maul: Der Schattenjäger;Michael Reaves;Blanvalet;2005;3442243157
Die Nacht des Satyrs;Elizabeth Amber;Droemer Knaur;2010;3426506963
Der Schwalbenturm;Andrzej Sapkowski;DTV;2010;342324786X
Halo 06. Das Cole Protokoll;Tobias S. Buckell;Panini;2009;3833218738
Witz und Weisheit der Scheibenwelt;Terry Pratchett;Goldmann;2010;3442471419
Die Gesandte der Königin;Dawn Cook;Blanvalet;2010;3442266572
Snow Crash;Neal Stephenson;Goldmann;2002;344245302X
Schattenschwestern: Der Bund der Schattengänger 4 - Roman: Bund der Schattengänger 04;Christine Feehan;Heyne;2010;3453526147
Nächtliche Versuchung;Sherrilyn Kenyon;Blanvalet;2008;3442366879
Die Orks - Blutnacht: Die Ork-Trilogie 2;Stan Nicholls;Heyne;2009;3453524942
Ghostwalker 01. Die Spur der Katze;Michelle Raven;Lyx;2009;3802582225
Im Bann des Elfenkönigs;C.L. Wilson;Bastei Lübbe;2009;3404187369
Krieger der Dämmerung: Die Magier 2;Pierre Grimbert;Heyne;2008;3453524209
Metro 2034;Dmitry Glukhovsky;Heyne;2009;3453533011
Fledermausland;Oliver Dierssen;Heyne;2009;3453266633
Die Chroniken der Elfen 02. Elfenzorn;Wolfgang Hohlbein;Otherworld Verlag;2010;3800095149
Star Wars (TM): Die dunkle Seite der Macht: Die Fortsetzung der Star-Wars-Saga;Timothy Zahn;Blanvalet;1999;3442352525
Broken Heart 4: Cocktail mit einem Vampir;Michele Bardsley;Mira;2010;3899417828
Wächter der Ewigkeit;Sergej Lukianenko;Heyne;2007;3453522559
Todesfluch: Black Dagger 10;J. R. Ward;Heyne;2009;3453533054
Der Hobbit: oder Hin und zurück;John R. R. Tolkien;Klett-Cotta;2010;3608938001
Der Pfahl;Richard Laymon;Heyne;2010;3453675800
Gezeichnete des Schicksals;Lara Adrian;Argon Verlag;2010;3839810434
Bann des Blutes: Mercy Thompson 2;Patricia Briggs;Heyne;2008;3453524004
Wilson Cole: Die Piraten: . Roman;Mike Resnick;Bastei Lübbe;2009;3404233298
Zeit der Krähen. Das Lied von Eis und Feuer 07;George R. R. Martin;Blanvalet;2006;3442243505
Der Ripper;Richard Laymon;Heyne;2009;3453675819
Battle Angel Alita - Last Order, Band 13;Yukito Kishiro;Carlsen;2010;3551791139
Blutskönigin: Die Schwarzen Juwelen 7;Anne Bishop;Heyne;2009;3453526090
Nacht des Begehrens;Kresley Cole;Lyx;2008;3802581741
Das Rad der Zeit 05. Das Original: Die Feuer des Himmels;Robert Jordan;Piper;2010;3492700853
Racheklingen;Joe Abercrombie;Heyne;2009;3453525221
Die Albenmark. Elfenritter 02.;Bernhard Hennen;Heyne;2008;3453523423
Der ganze Wahnsinn: Storys;Terry Pratchett;Piper;2010;3492267440
Geschöpf der Finsternis;Lara Adrian;Lyx;2008;3802581326
Brennende Kontinente. Ulldart - Zeit des Neuen 02.;Markus Heitz;Piper;2007;3492265855
Star Wars(TM) Wächter der Macht 7: Zorn;Aaron Allston;Blanvalet;2010;3442266661
Wächter der Menschheit;Simon R. Green;Bastei Lübbe;2010;3404206150
Verführung der Schatten;Kresley Cole;Lyx;2010;3802583248
Dunkles Begehren;Christine Feehan;Bastei Lübbe;2009;340418713X
Dunkler Ruf des Schicksals;Christine Feehan;Bastei Lübbe;2010;3404187342
Man stirbt nur zweimal: Betsy Taylor Roman 8;Mary Janice Davidson;Lyx;2010;3802582764
Elantris;Brandon Sanderson;Heyne;2007;3453521676
Fabelheim: Die Gesellschaft des Abendsterns;Brandon Mull;Penhaligon Verlag;2010;3764530359
Die Chronik der Unsterblichen 1: Am Abgrund;Wolfgang Hohlbein;Ullstein;2009;354825165X
Nichts als Ärger: Ein Pip & Flinx Roman;Alan Dean Foster;Bastei Lübbe;2010;3404233476
Cobra: Drei Romane in einem Band;Timothy Zahn;Heyne;2010;3453526953
Zwischen Nacht und Dunkel: Novellen;Stephen King;Heyne;2010;3453266994
Gilde der Jäger 1: Engelskuss;Nalini Singh;Lyx;2010;3802582748
Die Nebel von Avalon;Marion Zimmer Bradley;Fischer;1999;3596282225
Die Schattenritter: Ewige Versuchung;Kathryn Smith;Droemer Knaur;2010;3426505452
Legion - Der Große Bruderkrieg 7: Warhammer 40.000-Roman;Dan Abnett;Heyne;2010;3453527836
Endymion: Pforten der Zeit/Die Auferstehung - Zwei Romane in einem Band!;Dan Simmons;Blanvalet;2003;3442242517
Dämonisch verführt;Karen Chance;Piper;2010;3492291988
Niemalsland;Neil Gaiman;Heyne;1998;3453137574
Das Geheimnis der Großen Schwerter / Die Nornenkönigin: Bd 3;Tad Williams;Klett-Cotta;2010;3608938680
Die Erbin der Welt.;N.K. Jemisin;Blanvalet;2010;3442266696
Rollende Steine/Echt zauberhaft: Zwei Scheibenwelt-Romane in einem Band;Terry Pratchett;Goldmann;2009;3442134412
Star Wars(TM) Der Todeskreuzer;Joe Schreiber;Blanvalet;2010;3442375606
Unter den Augen Tzulans. Ulldart - Die Dunkle Zeit 04.;Markus Heitz;Piper;2010;3492285317
Das Rad der Zeit 31. Der Untergang der Shaido;Robert Jordan;Piper;2008;3492286224
Das Marsprojekt: Das ferne Leuchten;Andreas Eschbach;Bastei Lübbe;2009;3404243323
Der Krieg der Zwerge;Markus Heitz;Piper;2007;3492700934
Der goldene Herrscher. Das Spiel der Götter 12.;Steven Erikson;Blanvalet;2009;3442265568
Evermore - Der blaue Mond;Alyson Noël;Page & Turner;2010;3442203619
Vampire Academy 5: Seelenruf;Richelle Mead;Lyx;2010;3802583469
Macht's gut, und danke für den Fisch;Douglas Adams;Heyne;2000;3453146069
Der Thron der Sieben Königreiche. Das Lied von Eis und Feuer 03.;George R. R. Martin;Blanvalet;2000;3442249236
Wolfsgesang;Lori Handeland;Lyx;2008;380258161X
Das Geheimnis der Großen Schwerter 02. Der Abschiedsstein: Bd 2;Tad Williams;Klett-Cotta;2010;3608938672
Der Herr der Ringe;John R. R. Tolkien;Klett-Cotta;2009;3608938281
Die Chronik der Unsterblichen 10. Göttersterben;Wolfgang Hohlbein;Ullstein;2011;3548282466
Hinreißend untot;Karen Chance;Piper;2010;3492291856
StarCraft Ghost: Band 1. Nova;Keith R. A. DeCandido;Panini;2007;3833214619
Das Erste Horn. Das Geheimnis von Askir 01.;Richard Schwartz;Piper;2007;3492266061
Jill Kismet. Dämonenmal;Lilith Saintcrow;Lyx;2010;380258306X
Magie;Trudi Canavan;Blanvalet;2010;3442375584
Die Kinder des Universums;Ken Follett;Baumhaus Medien;2009;3833938218
Totes Meer;Brian Keene;Heyne;2010;3453527054
Krieg der Klone;John Scalzi;Heyne;2007;3453522672
Biosphere;Warren Fahy;rororo;2010;3499252422
Der Winterschmied: Ein Märchen von der Scheibenwelt;Terry Pratchett;Goldmann;2008;3442468396
Star Wars Sonderband 57: Knights of the Old Republic VIII;John Jackson Miller;Panini;2010;3866079710
Der Elektrische Mönch: Dirk Gently's Holistische Detektei Roman;Douglas Adams;Heyne;2001;3453199081
Gesang des Meeres: Roman: Drake-Schwestern 06;Christine Feehan;Heyne;2009;3453406621
VILM 01. Der Regenplanet;Karsten Kruschel;Wurdack;2009;3938065362
Spur der Nacht: Mercy Thompson 3;Patricia Briggs;Heyne;2009;3453524780
Der schwarze Tod;Wolfgang Hohlbein;Lyx;2010;3802583957
In einer kleinen Stadt (Needful Things);Stephen King;Heyne;2009;3453433998
Dragon Age, Der gestohlene Thron: Die offizielle Vorgeschichte zum Spiel;David Gaider;Panini;2009;3833219416
Das Lied der Dunkelheit;Peter V. Brett;Heyne;2009;3453524764
Guild Wars 2: Die Geister von Ascalon;Matt Forbeck;Panini;2010;3833221240
Tanz des Verlangens;Kresley Cole;Lyx;2010;3802583183
Star Trek - Destiny 03: Verlorene Seelen;David Mack;Cross Cult;2010;3941248855
Im Bann der Wüste. Das Spiel der Götter 03.;Steven Erikson;Blanvalet;2001;3442249406
Die Verschollene Flotte: Furchtlos;Jack Campbell;Bastei Lübbe;2009;3404233417
Blutkind: Die Rachel-Morgan-Serie 7;Kim Harrison;Heyne;2010;3453533526
Der Käfig;Richard Laymon;Heyne;2011;3453435303
Star Wars Imperial Commando, Band 1: Die 501.;Karen Traviss;Panini;2009;3833219351
Blut Schatten - Schatten Blut II;Rebecca Abrantes;scholz Fachverlag;2010;3941653024
Die Drachenkämpferin - Der Talisman der Macht;Licia Troisi;Heyne;2009;3453533038
Sengende Nähe;Nalini Singh;Lyx;2010;380258273X
Die Phoenix-Chroniken 02. Glut;Lori Handeland;Lyx;2010;3802582357
Star Wars - Krieg der Sterne: STAR WARS(TM) - EPISODE III: Die Rache der Sith - Roman nach der Geschichte von George Lucas und dem Drehbuch von George Lucas: BD 3;Matthew Stover;Blanvalet;2005;3442364310
Harry Potter und der Gefangene von Askaban (Band 3);Joanne K. Rowling;Carlsen;2007;3551354030
Harry Potter und der Stein der Weisen (Band 1);Joanne K. Rowling;Carlsen;1998;3551551677
Weiberregiment: Ein Scheibenwelt-Roman;Terry Pratchett;Goldmann;2006;3442461952
Trügerischer Friede. Ulldart - Zeit des Neuen 01.;Markus Heitz;Piper;2007;3492265782
Das Jesus Video;Andreas Eschbach;Droemer Knaur;2006;342663239X
Die Leopardenmenschen-Saga 1: Wilde Magie;Christine Feehan;Heyne;2009;345326665X
Priester. Das Zeitalter der Fünf 01.;Trudi Canavan;Blanvalet;2007;344224479X
Stolz und Vorurteil und Zombies;Jane Austen;Heyne;2010;3453533518
Geliebte des Schattens;Sherrilyn Kenyon;Blanvalet;2010;3442376068
Tarean, Bd.3 : Ritter des Ersten Lichts;Bernd Perplies;Lyx;2009;3802582462
Kein Vampir für eine Nacht;Katie MacAlister;Lyx;2008;3802581393
Geheimnisse der Nacht;Maggie Shayne;Mira;2010;3899417461
Die Stimme der Ahnen: Die Krieger 3;Pierre Grimbert;Heyne;2009;3453525477
Drachenkaiser;Markus Heitz;Piper;2009;3492701531
Schweinsgalopp/Fliegende Fetzen: Zwei Scheibenwelt-Romane in einem Band;Terry Pratchett;Goldmann;2010;3442134684
Historischer Atlas von Mittelerde;Karen Wynn Fonstad;Klett-Cotta;2006;3608932372
Kaiserkrieger: Die Ankunft;Dirk van den Boom;Atlantis Verlag;2010;3941258281
Valerian & Veronique, Band 21;Jean-Claude Mézières;Carlsen;2010;3551025711
Der entfesselte Judas;Peter F. Hamilton;Bastei Lübbe;2007;3404233301
Dragon Love 02: Manche lieben's heiß;Katie MacAlister;Lyx;2009;3802581504
Die zerschnittene Welt: Atlan Marasin Trilogie Band 3;Rüdiger Schäfer;Fantasy Productions;2010;3890640672
Eisiges Feuer;Sandra Gernt;Dead Soft Verlag;2010;3934442579
Vorübergehend tot;Charlaine Harris;Feder & Schwert;2009;3867620555
Night Angel 01. Der Weg in die Schatten;Brent Weeks;Blanvalet;2009;3442266289
Wolf Shadow 05. Tödliche Versprechen;Eileen Wilks;Lyx;2010;3802583256
Drachenzorn. Die Feuerreiter Seiner Majestät 03.;Naomi Novik;Blanvalet;2007;3442244455
Kinder der Ewigkeit;Andreas Brandhorst;Heyne;2010;3453526104
Gebieterin der Dunkelheit;Lara Adrian;Lyx;2008;3802581733
Nur du kannst die Menschheit retten/Nur du kannst sie verstehen/Nur du hast den Schlüssel: Drei Romane in einem Band;Terry Pratchett;Goldmann;2005;3442133580
Wilson Cole: Die Meuterer;Mike Resnick;Bastei Lübbe;2010;3404233263
Blutportale;Markus Heitz;Droemer Knaur;2009;3426636875
Diamant;Andreas Brandhorst;Heyne;2006;3453879015
Gefährtin der Schatten;Lara Adrian;Lyx;2009;3802581857
Aufstieg - Der Große Bruderkrieg: Warhammer 40.000-Roman;Dan Abnett;Heyne;2009;3453525353
Dragon Age, Band 2: Ruf der Grauen Wächter;David Gaider;Panini;2010;3833220589
Die Götterkriege 01. Die Rose von Ilian;Richard Schwartz;Piper;2011;3492267572
Zwergenblut;Frank Rehfeld;Blanvalet;2010;3442266165
Die Ehre der Königin: Honor Harrington, Bd. 2;David Weber;Bastei Lübbe;2007;3404231996
Rebellion der Engel;Brigitte Melzer;Otherworld Verlag;2010;3800095254
Die gemeine Hauskatze: Mit Illustrationen von Gray Jolliffe;Terry Pratchett;Goldmann;2005;344245557X
Blind Date mit einem Vampir;Katie MacAlister;Lyx;2008;3802581385
Warhammer. Die Abenteuer von Gotrek und Felix 10. Elfenslayer;Nathan Long;Piper;2009;3492291953
Eine magische Nacht;Natale Stenzel;Droemer Knaur;2010;3426507102
Blutopfer: Black Dagger 2;J. R. Ward;Heyne;2007;3453523016
Der sanfte Hauch der Finsternis;Jeaniene Frost;Blanvalet;2010;3442375541
Die Stahlhöhlen: Zwei Romane;Isaac Asimov;Heyne;2003;3453863623
Schattenstürmer. Die Chroniken von Siala 02;Alexey Pehov;Piper;2010;3492701876
Star Wars(TM) Wächter der Macht 9: Sieg;Troy Denning;Blanvalet;2010;3442266858
Der Todesstoss. Die Chronik der Unsterblichen 03.;Wolfgang Hohlbein;Ullstein;2002;3548253784
Schattenwanderer - Die Chroniken von Siala 1;Alexey Pehov;Piper;2010;3492701868
Einmal Rupert und zurück: Roman: Der fünfte 'Per Anhalter durch die Galaxis' -Roman;Douglas Adams;Heyne;1995;3453082303
Harry Potter und der Halbblutprinz (Band 6);Joanne K. Rowling;Carlsen;2005;3551566666
Das Schwert der Wahrheit 7: Die Säulen der Schöpfung;Terry Goodkind;Blanvalet;2009;3442372887
Das Schwert der Vorsehung: Zweiter Band der Geralt-Saga;Andrzej Sapkowski;DTV;2008;3423210699
Falsche Götter - Der Große Bruderkrieg 2: Warhammer 40.000-Roman;Graham McNeill;Heyne;2009;3453525582
Unwiderstehlich untot;Karen Chance;Piper;2010;349226736X
Der Name des Windes: Die Königsmörder-Chronik. Erster Tag;Patrick Rothfuss;Klett-Cotta;2008;360893815X
Wolf Shadow 02: Magische Versuchung;Eileen Wilks;Lyx;2009;3802582179
Sturmwelten.;Christoph Hardebusch;Heyne;2008;3453523857
Wilson Cole: Die Rebellen;Mike Resnick;Bastei Lübbe;2010;3404233425
Flügelschlag: Ein Engel-Roman;Jeanine Krock;Heyne;2010;3453527070
Prinz der Nacht;Sherrilyn Kenyon;Blanvalet;2008;344237121X
Das Licht der Phantasie: Ein Roman von der bizarren Scheibenwelt;Terry Pratchett;Piper;2009;3492285015
Ein Fall für Johannes Cabal  - Totenbeschwörer;Jonathan L. Howard;Goldmann;2010;344247034X
Judas 1: Kinder des Judas;Markus Heitz;Knaur;2007;3426662779
Riley Jenson Guardian 1: Die Mondjägerin;Keri Arthur;Blanvalet;2010;3442373824
Vegas Vampires 2: Ein Vampir zum Anbeißen;Erin McCarthy;Blanvalet;2010;3442374340
Voll im Bilde / Alles Sense! Zwei Scheibenwelt-Romane in einem Band;Terry Pratchett;Goldmann;2005;3442133726
Stein - Isenborn I: DSA Roman 119;Bernard Craw;Fantasy Productions;2010;3890641415
Herrin der Finsternis;Sherrilyn Kenyon;Blanvalet;2009;3442372305
Das Erbe der Elfen;Andrzej Sapkowski;DTV;2009;3423247541
Star Wars(TM) Wächter der Macht 6: Inferno;Troy Denning;Blanvalet;2009;3442265983
Mass Effect 03. Vergeltung;Drew Karpyshyn;Panini;2010;3833221283
Kuss der Finsternis;Kresley Cole;Lyx;2009;3802581903
Pilgrim 2000;Mark Brandis;Wurdack;2010;3938065605
The Desert Spear (Demon Trilogy 2);Peter V. Brett;Harpercollins;2010;0007276168
Blutspur: Die Rachel-Morgan-Serie 1;Kim Harrison;Heyne;2006;3453432231
Ein gutes Omen: Der völlig andere Hexen-Roman;Terry Pratchett;Piper;2010;3492285058
Darkyn 2: Im Bann der Träume;Lynn Viehl;Lyx;2010;3802582683
Die Elfen.;Bernhard Hennen;Heyne;2004;3453530012
Alaskan Royals: Aus Versehen Prinzessin;Mary Janice Davidson;Lyx;2010;3802583132
Dead Man River;George R. R. Martin;Fantasy Productions;2006;3890645291
Happy Hour in der Unterwelt: Betsy Taylor Roman 3;Mary Janice Davidson;Lyx;2008;3802581253
Im Sog der Zeit: Roman: Science Fiction;Peter F. Hamilton;Bastei Lübbe;2010;3404285409
Artemis Fowl - Die verlorene Kolonie;Eoin Colfer;Ullstein;2008;3548268676
Das Labyrinth der Götter: Die Krieger 5;Pierre Grimbert;Heyne;2010;3453525876
Der Sohn des Greifen. Das Lied von Eis und Feuer 09;George R. R. Martin;Penhaligon Verlag;2012;3764531045
Der Stern der Pandora: Die Commonwealth-Saga, Bd. 1;Peter F. Hamilton;Bastei Lübbe;2008;3404232909
Der Club der unsichtbaren Gelehrten: Ein Scheibenwelt-Roman;Terry Pratchett;Manhattan;2010;3442546737
Dead End Dating 2: Beiß mich, wenn du kannst;Kimberly Raye;Lyx;2009;3802581695
Frankenstein - Der Schatten;Dean Koontz;Heyne;2010;345356507X
Vom Dämon gezeichnet;Diana Rowland;Lyx;2010;3802582772
Wolf Shadow 03: Dunkles Verlangen;Eileen Wilks;Lyx;2009;3802582217
Wolfsmond. (Der dunkle Turm Band 5);Stephen King;Heyne;2004;3453530233
Alterra: Die Gemeinschaft der Drei;Maxime Chattam;PAN;2009;342628300X
Wilde Reise durch die Nacht;Walter Moers;Goldmann;2003;3442452910
Das Schwert der Wahrheit 5: Die Seele des Feuers;Terry Goodkind;Blanvalet;2008;3442371058
Hex Hall 1: Wilder Zauber;Rachel Hawkins;Lyx;2010;380258239X
Anathem;Neal Stephenson;Manhattan;2010;3442546605
Fesseln der Nacht: Der Bund der Schattengänger 6 - Roman: Bund der Schattengänger 06;Christine Feehan;Heyne;2010;3453533569
Dunkles Fest der Leidenschaft;Christine Feehan;Bastei Lübbe;2010;3404187512
Der fünfte Elefant: Ein Scheibenwelt-Roman;Terry Pratchett;Goldmann;2002;3442416582
Hallen arkaner Macht: Die Magierakademien Aventuriens, Band 1;Uli Lindner;Ulisses Spiele;2010;3868890335
Gefangene deiner Dunkelheit;Christine Feehan;Bastei Lübbe;2010;340418758X
Krieger des Lichts 01. Ungezähmtes Verlangen;Pamela Palmer;Lyx;2010;3802583108
Menschenjagd;Stephen King;Ullstein;2006;3548263305
Die Reise nach Hause: Eine Kryon-Parabel. Die Geschichte von Michael Thomas und den sieben Engelwesen;Lee Carroll;Koha;2000;3929512718
Alpha & Omega 1: Schatten des Wolfes;Patricia Briggs;Heyne;2009;345352540X
Alles bleibt anders;Siegfried Langer;Atlantis Verlag;2008;3936742952
StarCraft, Dunkle Templer, Erstgeboren, Band 1;Christie Golden;Panini;2007;3833216506
Supernatural: Die Rückkehr der Toten;Jeff Mariotte;Vgs;2008;3802536460
S.T.A.L.K.E.R. - Shadow of Chernobyl: Todeszone. Die offizielle Vorgeschichte zum PC-Horror-Game: Bd 1;Claudia Kern;Panini;2008;3833213108
StarCraft 01. Libertys Kreuzzug: BD 1;Jeff Grubb;Panini;2004;3833210435
Die Zweite Legion. Das Geheimnis von Askir 02.;Richard Schwartz;Piper;2010;3492266290
Tänzerin der Nacht: Der Bund der Schattengänger 3 - Roman: Der Bund der Schattengänger 03;Christine Feehan;Heyne;2009;3453407091
Carrie;Stephen King;Bastei Lübbe;2009;3404131215
Der Weitseher;Robin Hobb;Heyne;2009;3453524810
Labyrinth der Spiegel;Sergej Lukianenko;Heyne;2010;3453527755
Star Wars (TM): Das letzte Kommando: Die Fortsetzung der Star-Wars-Saga;Timothy Zahn;Blanvalet;1999;3442352533
Nur ein einziger Biss;Alexandra Ivy;Diana Verlag;2010;3453354338
Die Chroniken der Jägerin 2: In den Armen der Finsternis;Marjorie M. Liu;Blanvalet;2010;3442266475
Metro 2033;Dmitry Glukhovsky;Heyne;2008;3453532988
Die strahlende Stadt;Kate Forsyth;Blanvalet;2009;344224451X
Prophet des Unheils: Ein Warhammer-Roman;C. L. Werner;Piper;2010;3492267270
Sturmnacht: Die dunklen Fälle des Harry Dresden;Jim Butcher;Droemer Knaur;2006;342663287X
Im Exil: Honor Harrington, Bd. 5;David Weber;Bastei Lübbe;2007;3404232178
Elbengift: Die Zwerge von Elan-Dhor 1;Frank Rehfeld;Blanvalet;2011;3442267765
Der Schattenbote;Robin Hobb;Heyne;2009;3453525205
Flash;Robert J. Sawyer;Heyne;2008;3453523709
Das Buch der Vampire 4: Brennendes Zwielicht;Colleen Gleason;Blanvalet;2010;3442375487
Die Königin der Drachen. Das Lied von Eis und Feuer 06;George R. R. Martin;Blanvalet;2002;3442247349
Die Rückkehr der Orks;Michael Peinkofer;Piper;2007;3492701175
Nachtrichter: DSA Roman 118;Dorothea Bergermann;Fantasy Productions;2010;3890641385
Racheengel: Black Dagger 13;J. R. Ward;Heyne;2010;3453533496
Mondschwur: Black Dagger 16;J. R. Ward;Heyne;2011;3453527720
Solaris;Stanislaw Lem;List;2006;3548606113
Geliebte der Nacht;Lara Adrian;Lyx;2007;380258130X
Vampire lieben gefährlich;Katie MacAlister;Lyx;2010;3802583167
Wilson Cole: Flaggschiff: Roman. Wilson Colel 5;Mike Resnick;Bastei Lübbe;2010;3404233506
Wer zuletzt beißt: Betsy Taylor Roman 7;Mary Janice Davidson;Lyx;2009;3802581970
Unsterblich wie ein Kuss;Mina Hepsen;Goldmann;2010;3442472091
Dunkler Engel;Margaret Weis;Blanvalet;2008;3442265738
Der Kristall des Chaos. Gezeitenstern-Saga 04;Jennifer Fallon;Lyx;2010;3802582454
Untot lebt sich's auch ganz gut!;Mary Janice Davidson;Lyx;2008;3802581415
Vampirseele: Black Dagger 15;J. R. Ward;Heyne;2010;3453527712
Jill Kismet 02. Schattenjagd;Lilith Saintcrow;Lyx;2010;3802583078
Der Zombie Survival Guide: Überleben unter Untoten;Max Brooks;Goldmann;2004;3442458099
Die geheime Wahrheit: Die Bücher der Wahrheiten Band 2;Dawn Cook;Blanvalet;2008;3442265770
Limit;Frank Schätzing;Kiepenheuer & Witsch;2009;3462037048
Der Drachenflüsterer - Der Schwur der Geächteten;Boris Koch;Heyne;2010;3453526201
Der Kinderdieb;Brom;Droemer Knaur;2010;3426283298
Eric: Eine Scheibenwelt-Erzählung;Terry Pratchett;Piper;2009;3492291775
Krieger des Feuers;Brandon Sanderson;Heyne;2010;3453523377
Shining: Als Buch und Film ein Welterfolg;Stephen King;Bastei Lübbe;2009;3404130081
Turils Reise;Michael Marcus Thurner;Heyne;2009;3453525647
Das Schicksal der Zwerge;Markus Heitz;Piper;2010;349226770X
Wächter der Nacht;Sergej Lukianenko;Heyne;2005;3453530802
Blutsbande 4: Nacht der Seelen;Jennifer Armintrout;Mira;2010;3899417291
Leopardenblut;Nalini Singh;Lyx;2008;3802581520
Eve: Die Revolution der Imperien;Tony Gonzales;Blanvalet;2010;3442267528
Lichtträger: Der Sohn des Sehers: Der Sohn des Sehers Trilogie, Band 2;Torsten Fink;Blanvalet;2010;3442266920
Vampire Earth 5 - Verräterblut;E. E. Knight;Heyne;2010;3453526899
Gefährlicher Verführer;Christine Feehan;Bastei Lübbe;2009;3404187075
Die Rache der Dunkelelfen;R. A. Salvatore;Blanvalet;2010;3442267552
Das Schwert der Wahrheit 2: Die Schwestern des Lichts;Terry Goodkind;Blanvalet;2008;3442369681
Blade Runner/Ubik/Marsianischer Zeitsturz: 3 Romane in einem Band;Philip K. Dick;Heyne;2009;3453525833
Ruhig Blut!: Ein Scheibenwelt-Roman;Terry Pratchett;Goldmann;2005;3442442338
Die Drachenkämpferin - Der Auftrag des Magiers;Licia Troisi;Heyne;2008;3453532899
ANGEL Nach dem Fall, Band 4: Nachspiel;Joss Whedon;Panini;2010;3866079915
Die Herren der Unterwelt 02. Schwarzer Kuss;Gena Showalter;Mira;2010;389941649X
Warcraft Bd.3. Der letzte Wächter;Jeff Grubb;Panini;2005;3833213388
Die Achte Flotte;David Weber;Bastei Lübbe;2010;3404233433
Dead End Dating 5: Natürlich mit Biss;Kimberly Raye;Lyx;2010;3802583221
Total verhext / Einfach göttlich: Zwei Scheibenwelt-Romane in einem Band;Terry Pratchett;Goldmann;2008;344213434X
Die Herren der Unterwelt 03: Schwarze Lust;Gena Showalter;Mira;2010;3899416503
Kuss der Nacht;Jeaniene Frost;Blanvalet;2009;3442266238
Die Schattenritter: Kuss der Dunkelheit;Kathryn Smith;Droemer Knaur;2009;3426502321
Blutsherrschaft: Die Schwarzen Juwelen 8;Anne Bishop;Heyne;2011;3453527771
World of WarCraft 1: Teufelskreis: BD 1;Keith R. A. DeCandido;Panini;2006;3833214651
Der Magier 4. Kinder der Ewigkeit;Pierre Grimbert;Heyne;2008;3453524640
Weltenträumer;Sergej Lukianenko;Heyne;2008;3453524608
Die Phoenix Chroniken 03. Blut;Lori Handeland;Lyx;2010;3802583949
Dante Valentine: Dämonenjägerin 02: Höllenritt;Lilith Saintcrow;Lyx;2009;3802581954
Die Stadt der träumenden Bücher. Ein Roman aus Zamonien von Hildegunst von Mythenmetz: Aus dem Zamonischen übertragen und illustriert von Walter Moers;Walter Moers;Piper;2007;3492246885
Schwarze Welt;Peter F. Hamilton;Bastei Lübbe;2009;340428531X
Judas 2: Judassohn;Markus Heitz;Knaur;2010;3426652250
Otherland 3: Berg aus schwarzem Glas;Tad Williams;Heyne;2007;3453532171
Dragon Love 03: Rendezvous am Höllentor;Katie MacAlister;Lyx;2009;3802581512
StarCraft 04 - Die Königin der Klingen: BD 4;Aaron Rosenberg;Panini;2007;3833214600
Die Tribute von Panem. Gefährliche Liebe;Suzanne Collins;Oetinger;2010;3789132195
Der Inquisitor: Eine unheimliche Reise in die dunkle Welt des Mittelalters;Wolfgang Hohlbein;Bastei Lübbe;2010;3404152034
Schwestern des Mondes 5: Katzenkrallen;Yasmine Galenorn;Droemer Knaur;2010;3426503441
Star Wars: Darth Bane - Schöpfer der Dunkelheit;Drew Karpyshyn;Blanvalet;2007;3442244536
Die Nachtwächter. Ein Scheibenwelt-Roman;Terry Pratchett;Goldmann;2005;3442459419
In Acht und Bann. Die Saga vom Dunkelelf 05.;R. A. Salvatore;Blanvalet;1992;3442245672
Patrimonium;Alan Dean Foster;Bastei Lübbe;2010;3404243943
Vampire bevorzugt;Charlaine Harris;DTV;2007;3423210575
Die Chronik der Unsterblichen 9: Das Dämonenschiff;Wolfgang Hohlbein;Ullstein;2010;3548280331
Der kleine Hobbit;John R. R. Tolkien;DTV;2001;3423085592
Lords und Ladies - Helle Barden: Zwei Scheibenwelt-Romane in einem Band;Terry Pratchett;Goldmann;2007;3442133807
Der Zauberhut: Ein Roman von der bizarren Scheibenwelt;Terry Pratchett;Piper;2007;3492285171
Die Herren der Unterwelt 04: Schwarzes Flüstern;Gena Showalter;Mira;2011;3899418166
Black Dagger;J. R. Ward;Heyne;2009;345372271X
Anwältin der Engel: Die überirdischen Fälle der Bree Winston 02;Mary Stanton;Piper;2010;3492267246
Gezeichnete des Schicksals;Lara Adrian;Lyx;2010;3802583205
Tarean, Bd. 1: Sohn des Fluchbringers;Bernd Perplies;Lyx;2008;3802581806
Küsst du noch oder beisst du schon?;Katie MacAlister;Lyx;2008;3802581407
StarCraft 02: Schatten der Xel'Naga: BD 2;Gabriel Mesta;Panini;2004;3833210907
Ein Sukkubus in Nöten;Jackie Kessler;Lyx;2010;3802583000
MacBest: Ein Roman aus der bizarren Scheibenwelt;Terry Pratchett;Piper;2007;3492285082
Nybbas Träume: Schattendämonen 01;Jennifer Benkau;Sieben Verlag;2010;394154702X
Graue Ritter: Warhammer 40.000-Roman;Ben Counter;Heyne;2009;3453525140
Herbst - Läuterung: Herbst 3;David Moody;Otherworld Verlag;2009;3902607157
Immortal. Dunkle Leidenschaft;Jennifer Ashley;Droemer Knaur;2008;3426501503
Das Geheimnis der Pforte: Die Krieger 4;Pierre Grimbert;Heyne;2010;3453525868
Artemis Fowl - Die Rache;Eoin Colfer;List;2006;3548606601
Warhammer 40,000 - Geisterkrieger;Dan Abnett;Heyne;2005;3453520947
Star Wars(TM) Wächter der Macht 5: Opfer;Karen Traviss;Blanvalet;2009;3442265975
Intensity;Dean Koontz;Heyne;2008;3453433017
Harry Potter und der Feuerkelch (Band 4);Joanne K. Rowling;Carlsen;2002;3551551936
Zeichen des Silbers: Mercy Thompson 5;Patricia Briggs;Heyne;2011;3453527526
Die Elfen;Bernhard Hennen;Heyne;2009;3453722698
Die Herren von Winterfell. Das Lied von Eis und Feuer 01.;George R. R. Martin;Blanvalet;1997;3442247292
Magie des Verlangens;Christine Feehan;Bastei Lübbe;2009;3404186931
Der Lehrling des Magiers. Die Midkemia-Saga 1.;Raymond Feist;Blanvalet;1995;3442246164
Klonk!: Ein Scheibenwelt-Roman;Terry Pratchett;Goldmann;2008;3442466660
Der tiefere Sinn des Labenz;Douglas Adams;Heyne;2004;3453879600
World of WarCraft: Sturmgrimm;Richard A. Knaak;Panini;2010;3833220554
Das Erbe des Zauberers: Ein Roman von der bizarren Scheibenwelt;Terry Pratchett;Piper;2010;3492285023
Träumende Leere;Peter F. Hamilton;Bastei Lübbe;2010;3404285352
Die erste Wahrheit. Die Bücher der Wahrheiten 01.;Dawn Cook;Blanvalet;2008;3442265762
Feuertaufe;Andrzej Sapkowski;DTV;2009;342324755X
Düstere Sehnsucht: Der Bund der Schattengänger 5 - Roman: Bund der Schattengänger 05;Christine Feehan;Heyne;2010;3453533550
Vampire Academy 4: Blutschwur;Richelle Mead;Lyx;2010;3802582047
Aldebaran 1: Das Erbe des ersten Imperiums;Heinrich von Stahl;Unitall Verlag;2009;3937355685
EarthCore: Thriller;Scott Sigler;Heyne;2010;3453435079
HALO 03. Erstschlag;Eric Nylund;Panini;2004;3833210834
Ravenor: Warhammer 40,000-Roman;Dan Abnett;Heyne;2010;3453526392
Ruf der Vergangenheit;Nalini Singh;Lyx;2011;3802584023
Quest;Andreas Eschbach;Bastei Lübbe;2009;3404243811
Der Nacht ergeben;Alexandra Ivy;Diana Verlag;2009;3453354214
Ab die Post: Ein Scheibenwelt-Roman;Terry Pratchett;Goldmann;2007;3442464226
Resident Evil, Bd. 11: Umbrella Chronicles 2;Osamu Makino;Panini;2010;3833219688
World of Warcraft: Weltenbeben - Die Vorgeschichte zu Cataclysm;Christie Golden;Panini;2010;3833221321
Die unendliche Geschichte;Michael Ende;Piper;2010;3492253482
Das Auge der Wüste. Das Geheimnis von Askir 03.;Richard Schwartz;Piper;2007;3492266320
Grün wie die Hoffnung;Nora Roberts;Blanvalet;2007;3442365325
Nachtglanz;Tanja Heitmann;Heyne;2010;3453266420
Der Kuss des Satyrs: Ein erotischer Roman;Elizabeth Amber;Droemer Knaur;2009;3426501538
Dämonenhammer: Warhammer-40,000-Roman;Ben Counter;Heyne;2010;3453526414
Der Zeitdieb: Ein Scheibenwelt-Roman;Terry Pratchett;Goldmann;2004;3442457394
Kaiserfront 1949 Band 2;Heinrich von Stahl;Unitall Verlag;2010;3905937018
Dante Valentine: Dämonenjägerin: Teufelsbraut;Lilith Saintcrow;Lyx;2008;380258175X
Agent der Sterne;John Scalzi;Heyne;2010;3453526252
Dunkles Erwachen: Black Dagger 6;J. R. Ward;Heyne;2008;3453532813
Der Zorn der Trolle;Christoph Hardebusch;Heyne;2008;3453524217
Drei: Der dunkle Turm;Stephen King;Heyne;2003;3453875575
Ultramarines: Warhammer 40.000-Roman: Drei Romane in einem Band;Graham McNeill;Heyne;2009;3453525590
Die Eule von Askir;Richard Schwartz;Piper;2009;3492266746
Der Letzte seiner Art;Andreas Eschbach;Bastei Lübbe;2009;3404153057
Mass Effect: Die Offenbarung, Bd 1;Drew Karpyshyn;Panini;2007;3833216484
Runes of Magic, Bd. 1: Shareena: Videogameroman;Michael T. Bhatty;Panini;2010;3833220465
Weiblich, ledig, untot: Betsy Taylor Roman 1;Mary Janice Davidson;Lyx;2007;3802581237
Geisterbrigaden;John Scalzi;Heyne;2007;3453522680
Das Erbe von Winterfell. Das Lied von Eis und Feuer 02;George R. R. Martin;Blanvalet;1998;3442247306
Gesammelte Werke 1: 3 Romane in einem Band: 3 Romane in einem Band - Die bewohnte Insel / Ein Käfer im Ameisenhaufen / Die Wellen ersticken den Wind;Arkadi Strugatzki;Heyne;2010;3453526309
Die Halo Enzyklopädie: Der ultimative Führer durch das Halo-Universum;Tobias S. Buckell;Panini;2010;3833220759
Götter. Das Zeitalter der Fünf 03;Trudi Canavan;Blanvalet;2008;3442244846
Reiter der Apokalypse.;Michael McBride;Blanvalet;2009;3442266114
Unendlichkeit;Alastair Reynolds;Heyne;2006;3453521862
Die Kämpferin;Joshua Palmatier;Bastei Lübbe;2010;3785760299
Star Trek - Destiny 02: Gewöhnliche Sterbliche;David Mack;Cross Cult;2010;3941248847
Eternal 3: Die Geliebte des Vampirs;V. K. Forrest;Droemer Knaur;2010;3426506998
World of Warcraft, Bd. 4: Jenseits des Dunklen Portals;Aaron Rosenberg;Panini;2008;383321791X
Star Wars - Darth Bane 3: Dynastie des Bösen;Drew Karpyshyn;Blanvalet;2011;3442375592
Gefangene des Blutes;Lara Adrian;Lyx;2007;3802581318
Blutorks 3: Der Befreier;Bernd Frenz;Blanvalet;2010;3442266106
Fehlfunktion: Der Armageddon Zyklus, Bd. 2;Peter F. Hamilton;Bastei Lübbe;2007;3404232224
Wahnsinn;Jack Ketchum;Heyne;2009;3453675525
Per Anhalter durch die Galaxis;Douglas Adams;Heyne;1998;3453146972
Die Tribute von Panem. Gefährliche Liebe;Suzanne Collins;Oetinger;2010;3837305325
Blau wie das Glück;Nora Roberts;Blanvalet;2007;3442365333
World of Warcraft: Arthas - Aufstieg des Lichkönigs;Christie Golden;Panini;2009;3833219408
Immortal: Dunkle Gefährtin;Jennifer Ashley;Droemer Knaur;2009;3426503794
Judas 1: Kinder des Judas;Markus Heitz;Droemer Knaur;2009;3426637685
Weltengänger;Sergej Lukianenko;Heyne;2007;3453523490
Versuchung des Blutes;Kresley Cole;Lyx;2009;3802581911
Gezeiten der Sehnsucht: Roman: Drake-Schwestern 04;Christine Feehan;Heyne;2006;3453810767
Die Novizin. Die Gilde der Schwarzen Magier 02.;Trudi Canavan;Blanvalet;2006;3442243955
Star Wars Essentials, Band 10: Jedi-Chroniken: Der Sith-Krieg: BD 10;Kevin Anderson;Panini;2010;386607977X
Schöne neue Welt;Aldous Huxley;Fischer;2009;3596200261
Sturm der Schwerter. Das Lied von Eis und Feuer 05;George R. R. Martin;Blanvalet;2001;3442247330
Die Klinge der Träume. Das Rad der Zeit 30;Robert Jordan;Piper;2008;3492286178
Die Schattenritter: Leidenschaft der Nacht;Kathryn Smith;Droemer Knaur;2010;3426505290
Aldebaran 4: Die grüne Pest;Heinrich von Stahl;Unitall Verlag;2010;3905937301
Star Trek - Titan 05. Stürmische See;Christopher L. Bennett;Cross Cult;2010;394124891X
Am Abgrund - Der Große Bruderkrieg 8: Warhammer 40.000-Roman;Ben Counter;Heyne;2011;3453527852
Harry Potter und der Orden des Phönix (Band 5);Joanne K. Rowling;Carlsen;2003;3551555559
Das Schwert der Wahrheit 6: Schwester der Finsternis;Terry Goodkind;Blanvalet;2009;3442371066
Eden;Tony Mochinski;Heyne;2010;3453526651
StarCraft 03 - Im Sog der Dunkelheit: BD 3;Tracy Hickman;Panini;2005;3833211482
Ein Tanz mit Drachen. Das Lied von Eis und Feuer 10;George R. R. Martin;Penhaligon Verlag;2012;3764531029
Fulgrim - Der Große Bruderkrieg 5: Warhammer 40.000-Roman;Graham McNeill;Heyne;2010;3453526821
StarCraft II: Heaven`s Devils (Roman zum Game);William C. Dietz;Panini;2010;3833220481
Brennen muss Salem;Stephen King;Heyne;1997;3453125274
Das Schwert der Wahrheit 10: Am Ende der Welten -;Terry Goodkind;Blanvalet;2009;3442373891
Die Rache der Zwerge;Markus Heitz;Piper;2010;3492267696
Kismet Knight: Vampire lieben länger;Lynda Hilburn;Droemer Knaur;2010;3426504278
Star Trek - Einzelschicksale;Keith R. A. DeCandido;Cross Cult;2010;3941248936
Der Herr der Ringe Broschur XL 2011;John R. R. Tolkien;Heye;2010;3840102650
Judas 3: Judastöchter;Markus Heitz;Knaur;2010;3426652307
Alles Sense!: Ein Scheibenwelt-Roman;Terry Pratchett;Goldmann;1998;3442421306
Der Turm - Der Dunkle Turm VII;Stephen King;Heyne;2006;3453431618
Menschen wie Götter;Sergej Snegow;Heyne;2010;3453525191
Diner des Grauens: Wir servieren Armageddon mit Pommes Frites!;A. Lee Martinez;Piper;2010;3492266150
Die Tribute von Panem. Tödliche Spiele;Suzanne Collins;Oetinger;2009;3789132187
Die Kompanie der Oger: Sterben und sterben lassen!;A. Lee Martinez;Piper;2007;3492266312
Drachenflamme;Naomi Novik;Penhaligon Verlag;2010;3764530162
Darwinia;Robert Charles Wilson;Heyne;2010;3453526465
Star Trek - The Next Generation 05: Mehr als die Summe;Christopher L. Bennett;Cross Cult;2010;3941248650
Der Sohn des Sehers 1. Nomade;Torsten Fink;Blanvalet;2010;3442266912
Vampire Academy 2: Blaues Blut;Richelle Mead;Lyx;2009;3802582020
Die Chronik der Unsterblichen 5: Die Wiederkehr;Wolfgang Hohlbein;Ullstein;2004;3548258093
Harry Potter und die Kammer des Schreckens (Band 2);Joanne K. Rowling;Carlsen;1999;3551551685
Kreuzer Eisenstein - Der Große Bruderkrieg 4: Warhammer-40,000-Roman;James Swallow;Heyne;2010;3453526406
Star Wars - Das Verhängnis der Jedi-Ritter 2: Omen;Christie Golden;Blanvalet;2010;3442266769
Immortal. Geliebter der Nacht;Robin T. Popp;Droemer Knaur;2009;3426501511
Du bist tot;Charles Stross;Heyne;2010;3453526872
Das Blut;Guillermo Del Toro;Heyne;2010;3453266498
Club Dead: Ein skurriler Vampir-Krimi aus den Südstaaten;Charlaine Harris;Feder & Schwert;2009;3867620571
Titanensturm: Warhammer-40,000-Roman;Dan Abnett;Heyne;2010;3453526961
Dämmerung des Herzens: Drake-Schwestern 01 und 02;Christine Feehan;Heyne;2008;3453811615
Magie des Windes: Roman: Drake-Schwestern 05;Christine Feehan;Heyne;2009;3453405595
Die dunkle Königin. Das Lied von Eis und Feuer 08;George R. R. Martin;Blanvalet;2006;3442244161
